year,month,day,mean_T,iKid
2000,Jan,1,-2.5,FALSE
2000,Jan,2,1.7999999999999998,FALSE
2000,Jan,3,-0.3999999999999999,FALSE
2000,Jan,4,3.0999999999999996,FALSE
2000,Jan,5,-1.7,FALSE
2000,Jan,6,3.05,FALSE
2000,Jan,7,2.4,FALSE
2000,Jan,8,5.85,FALSE
2000,Jan,9,3.9,FALSE
2000,Jan,10,-0.8,FALSE
2000,Jan,11,4.2,FALSE
2000,Jan,12,4.15,FALSE
2000,Jan,13,2.8,FALSE
2000,Jan,14,-1.85,FALSE
2000,Jan,15,-2.6,FALSE
2000,Jan,16,0.20000000000000007,FALSE
2000,Jan,17,3.8,FALSE
2000,Jan,18,1.7,FALSE
2000,Jan,19,-1.05,FALSE
2000,Jan,20,0.5,FALSE
2000,Jan,21,-7.15,FALSE
2000,Jan,22,-13.15,FALSE
2000,Jan,23,-13,FALSE
2000,Jan,24,-8.4,FALSE
2000,Jan,25,-4.65,FALSE
2000,Jan,26,-0.6,FALSE
2000,Jan,27,1,FALSE
2000,Jan,28,-6.25,FALSE
2000,Jan,29,1.5,FALSE
2000,Jan,30,0.1499999999999999,FALSE
2000,Jan,31,-5.15,FALSE
2000,Feb,1,-5.85,FALSE
2000,Feb,2,-2.1,FALSE
2000,Feb,3,-5.65,FALSE
2000,Feb,4,3.5,FALSE
2000,Feb,5,1.45,FALSE
2000,Feb,6,4.9,FALSE
2000,Feb,7,4,FALSE
2000,Feb,8,0.85,FALSE
2000,Feb,9,-1.95,FALSE
2000,Feb,10,0.8500000000000001,FALSE
2000,Feb,11,3.5,FALSE
2000,Feb,12,4.9,FALSE
2000,Feb,13,1.2,FALSE
2000,Feb,14,-2.55,FALSE
2000,Feb,15,-0.4,FALSE
2000,Feb,16,-1.55,FALSE
2000,Feb,17,-3.65,FALSE
2000,Feb,18,-6.95,FALSE
2000,Feb,19,-6.7,FALSE
2000,Feb,20,-7.85,FALSE
2000,Feb,21,-7,FALSE
2000,Feb,22,-4.1,FALSE
2000,Feb,23,-4.8,FALSE
2000,Feb,24,-0.6000000000000001,FALSE
2000,Feb,25,-5.1499999999999995,FALSE
2000,Feb,26,-6.8,FALSE
2000,Feb,27,3.3,FALSE
2000,Feb,28,4.35,FALSE
2000,Feb,29,4.45,FALSE
2000,Dec,1,5,FALSE
2000,Dec,2,6.15,FALSE
2000,Dec,3,7,FALSE
2000,Dec,4,5.35,FALSE
2000,Dec,5,5.6,FALSE
2000,Dec,6,7.4,FALSE
2000,Dec,7,6.35,FALSE
2000,Dec,8,6.300000000000001,FALSE
2000,Dec,9,7.1,FALSE
2000,Dec,10,6,FALSE
2000,Dec,11,6.15,FALSE
2000,Dec,12,3.85,FALSE
2000,Dec,13,7.300000000000001,FALSE
2000,Dec,14,5,FALSE
2000,Dec,15,5.050000000000001,FALSE
2000,Dec,16,3.9,FALSE
2000,Dec,17,1.05,FALSE
2000,Dec,18,-0.6,FALSE
2000,Dec,19,-0.55,FALSE
2000,Dec,20,-4,FALSE
2000,Dec,21,-1.5,FALSE
2000,Dec,22,-0.7999999999999999,FALSE
2000,Dec,23,-0.95,FALSE
2000,Dec,24,-2.5,FALSE
2000,Dec,25,-9.9,FALSE
2000,Dec,26,-7.5,FALSE
2000,Dec,27,-3.7,FALSE
2000,Dec,28,-1.6,FALSE
2000,Dec,29,-1.55,FALSE
2000,Dec,30,-2.8,FALSE
2000,Dec,31,-4.45,FALSE
2001,Jan,1,-2.15,FALSE
2001,Jan,2,-0.5499999999999999,FALSE
2001,Jan,3,1.1,FALSE
2001,Jan,4,0.45,FALSE
2001,Jan,5,2.15,FALSE
2001,Jan,6,1.4,FALSE
2001,Jan,7,2.4,FALSE
2001,Jan,8,2.25,FALSE
2001,Jan,9,-0.7,FALSE
2001,Jan,10,-3.75,FALSE
2001,Jan,11,-4.3,FALSE
2001,Jan,12,-3.9,FALSE
2001,Jan,13,-1.95,FALSE
2001,Jan,14,-7.05,FALSE
2001,Jan,15,-7.65,FALSE
2001,Jan,16,-6.699999999999999,FALSE
2001,Jan,17,-5.05,FALSE
2001,Jan,18,-4.35,FALSE
2001,Jan,19,-4.1,FALSE
2001,Jan,20,-4.35,FALSE
2001,Jan,21,-1.1,FALSE
2001,Jan,22,-3.8,FALSE
2001,Jan,23,-1.45,FALSE
2001,Jan,24,0.95,FALSE
2001,Jan,25,1.9,FALSE
2001,Jan,26,0.65,FALSE
2001,Jan,27,0.7,FALSE
2001,Jan,28,0.39999999999999997,FALSE
2001,Jan,29,-0.2,FALSE
2001,Jan,30,-3.2,FALSE
2001,Jan,31,-2.65,FALSE
2001,Feb,1,-11.5,FALSE
2001,Feb,2,-11.55,FALSE
2001,Feb,3,-15.1,FALSE
2001,Feb,4,-19.25,FALSE
2001,Feb,5,-18.7,FALSE
2001,Feb,6,-5.1,FALSE
2001,Feb,7,-0.34999999999999987,FALSE
2001,Feb,8,2.4499999999999997,FALSE
2001,Feb,9,1.7000000000000002,FALSE
2001,Feb,10,-6.300000000000001,FALSE
2001,Feb,11,-0.15000000000000002,FALSE
2001,Feb,12,3.1,FALSE
2001,Feb,13,1.85,FALSE
2001,Feb,14,2.45,FALSE
2001,Feb,15,2.0999999999999996,FALSE
2001,Feb,16,-1.2999999999999998,FALSE
2001,Feb,17,1.85,FALSE
2001,Feb,18,0.39999999999999997,FALSE
2001,Feb,19,2.25,FALSE
2001,Feb,20,1.4,FALSE
2001,Feb,21,1.05,FALSE
2001,Feb,22,-5.65,FALSE
2001,Feb,23,-10.2,FALSE
2001,Feb,24,-9.05,FALSE
2001,Feb,25,-8.1,FALSE
2001,Feb,26,-9.7,FALSE
2001,Feb,27,-9.05,FALSE
2001,Feb,28,-9.2,FALSE
2001,Dec,1,1.9,FALSE
2001,Dec,2,2.4,FALSE
2001,Dec,3,2.4000000000000004,FALSE
2001,Dec,4,1.45,FALSE
2001,Dec,5,1.65,FALSE
2001,Dec,6,1.9000000000000001,FALSE
2001,Dec,7,2.6,FALSE
2001,Dec,8,2.05,FALSE
2001,Dec,9,2.1,FALSE
2001,Dec,10,1.7,FALSE
2001,Dec,11,1.5499999999999998,FALSE
2001,Dec,12,0.75,FALSE
2001,Dec,13,0.85,FALSE
2001,Dec,14,-0.04999999999999999,FALSE
2001,Dec,15,-4.5,FALSE
2001,Dec,16,-1.5,FALSE
2001,Dec,17,0.5,FALSE
2001,Dec,18,0,FALSE
2001,Dec,19,-2,FALSE
2001,Dec,20,-8,FALSE
2001,Dec,21,-4,FALSE
2001,Dec,22,-14,FALSE
2001,Dec,23,-25,FALSE
2001,Dec,24,-6,FALSE
2001,Dec,25,-2,FALSE
2001,Dec,26,-11,FALSE
2001,Dec,27,-16.5,FALSE
2001,Dec,28,-6,FALSE
2001,Dec,29,-4.5,FALSE
2001,Dec,30,-12.5,FALSE
2001,Dec,31,-15.5,FALSE
2003,Dec,1,6.1,TRUE
2003,Dec,2,5.050000000000001,TRUE
2003,Dec,3,4.7,TRUE
2003,Dec,4,5,TRUE
2003,Dec,5,2.3,TRUE
2003,Dec,6,-1.8499999999999999,TRUE
2003,Dec,7,-0.75,TRUE
2003,Dec,8,1.45,TRUE
2003,Dec,9,2.3,TRUE
2003,Dec,10,2.3000000000000003,TRUE
2003,Dec,11,1.75,TRUE
2003,Dec,12,-2.6,TRUE
2003,Dec,13,-0.8,TRUE
2003,Dec,14,1.0499999999999998,TRUE
2003,Dec,15,-0.8500000000000001,TRUE
2003,Dec,16,-4.05,TRUE
2003,Dec,17,1.75,TRUE
2003,Dec,18,5.3,TRUE
2003,Dec,19,5.05,TRUE
2003,Dec,20,-1.35,TRUE
2003,Dec,21,-1.2,TRUE
2003,Dec,22,-7.949999999999999,TRUE
2003,Dec,23,-12.95,TRUE
2003,Dec,24,0.7,TRUE
2003,Dec,25,5.1,TRUE
2003,Dec,26,2.5999999999999996,TRUE
2003,Dec,27,3.95,TRUE
2003,Dec,28,1.85,TRUE
2003,Dec,29,-2.2,TRUE
2003,Dec,30,-6.9,TRUE
2003,Dec,31,-10,TRUE
2004,Jan,1,-4.4,TRUE
2004,Jan,2,-13.8,TRUE
2004,Jan,3,-10.100000000000001,TRUE
2004,Jan,4,-4.65,TRUE
2004,Jan,5,-3.75,TRUE
2004,Jan,6,-5.15,TRUE
2004,Jan,7,0.04999999999999999,TRUE
2004,Jan,8,-0.04999999999999999,TRUE
2004,Jan,9,0.30000000000000004,TRUE
2004,Jan,10,-7.3,TRUE
2004,Jan,11,-1.8,TRUE
2004,Jan,12,0.25000000000000006,TRUE
2004,Jan,13,1.6,TRUE
2004,Jan,14,0.55,TRUE
2004,Jan,15,-2.25,TRUE
2004,Jan,16,-4.1,TRUE
2004,Jan,17,-6.9,TRUE
2004,Jan,18,-6.1,TRUE
2004,Jan,19,-0.75,TRUE
2004,Jan,20,-7.199999999999999,TRUE
2004,Jan,21,-15.850000000000001,TRUE
2004,Jan,22,-19.1,TRUE
2004,Jan,23,-4.35,TRUE
2004,Jan,24,-2.35,TRUE
2004,Jan,25,-10.95,TRUE
2004,Jan,26,-6.449999999999999,TRUE
2004,Jan,27,-6.75,TRUE
2004,Jan,28,-6.5,TRUE
2004,Jan,29,-3.05,TRUE
2004,Jan,30,-3.8,TRUE
2004,Jan,31,0.3,TRUE
2004,Feb,1,-4.65,TRUE
2004,Feb,2,-5.45,TRUE
2004,Feb,3,1.25,TRUE
2004,Feb,4,5.1,TRUE
2004,Feb,5,1.75,TRUE
2004,Feb,6,2.4000000000000004,TRUE
2004,Feb,7,-2.3,TRUE
2004,Feb,8,-3.4000000000000004,TRUE
2004,Feb,9,-6.5,TRUE
2004,Feb,10,-5.4,TRUE
2004,Feb,11,-11.95,TRUE
2004,Feb,12,-6.4,TRUE
2004,Feb,13,-1.5,TRUE
2004,Feb,14,1.3499999999999999,TRUE
2004,Feb,15,0.65,TRUE
2004,Feb,16,-2.3,TRUE
2004,Feb,17,0.9,TRUE
2004,Feb,18,-1.85,TRUE
2004,Feb,19,-1.7499999999999998,TRUE
2004,Feb,20,-0.6,TRUE
2004,Feb,21,-0.24999999999999997,TRUE
2004,Feb,22,-3.0999999999999996,TRUE
2004,Feb,23,-3.6,TRUE
2004,Feb,24,-3.95,TRUE
2004,Feb,25,-1.55,TRUE
2004,Feb,26,-4.7,TRUE
2004,Feb,27,-4.5,TRUE
2004,Feb,28,-3.25,TRUE
2004,Feb,29,-6.949999999999999,TRUE
2004,Dec,1,2.1,TRUE
2004,Dec,2,0.44999999999999996,TRUE
2004,Dec,3,0.35,TRUE
2004,Dec,4,2.6,TRUE
2004,Dec,5,5.75,TRUE
2004,Dec,6,1.7999999999999998,TRUE
2004,Dec,7,6.3,TRUE
2004,Dec,8,3.4000000000000004,TRUE
2004,Dec,9,0.4,TRUE
2004,Dec,10,4.45,TRUE
2004,Dec,11,1.7000000000000002,TRUE
2004,Dec,12,0.44999999999999996,TRUE
2004,Dec,13,-0.75,TRUE
2004,Dec,14,3.65,TRUE
2004,Dec,15,5.65,TRUE
2004,Dec,16,3.3499999999999996,TRUE
2004,Dec,17,4.55,TRUE
2004,Dec,18,2,TRUE
2004,Dec,19,-2.55,TRUE
2004,Dec,20,-5.95,TRUE
2004,Dec,21,-5.699999999999999,TRUE
2004,Dec,22,1.65,TRUE
2004,Dec,23,0.6500000000000001,TRUE
2004,Dec,24,-2.25,TRUE
2004,Dec,25,-2.5,TRUE
2004,Dec,26,-3.25,TRUE
2004,Dec,27,-2.45,TRUE
2004,Dec,28,-2.9,TRUE
2004,Dec,29,-2.3,TRUE
2004,Dec,30,4,TRUE
2004,Dec,31,-1.05,TRUE
2005,Jan,1,-0.20000000000000007,TRUE
2005,Jan,2,2.45,TRUE
2005,Jan,3,-0.04999999999999999,TRUE
2005,Jan,4,-1.8,TRUE
2005,Jan,5,0.85,TRUE
2005,Jan,6,2.4,TRUE
2005,Jan,7,7.45,TRUE
2005,Jan,8,5.85,TRUE
2005,Jan,9,3.15,TRUE
2005,Jan,10,6.449999999999999,TRUE
2005,Jan,11,5,TRUE
2005,Jan,12,5.35,TRUE
2005,Jan,13,4.449999999999999,TRUE
2005,Jan,14,-0.25,TRUE
2005,Jan,15,-3.1,TRUE
2005,Jan,16,3.05,TRUE
2005,Jan,17,3,TRUE
2005,Jan,18,2.95,TRUE
2005,Jan,19,-0.09999999999999998,TRUE
2005,Jan,20,0.25,TRUE
2005,Jan,21,0,TRUE
2005,Jan,22,-2.7,TRUE
2005,Jan,23,-3.6500000000000004,TRUE
2005,Jan,24,-5,TRUE
2005,Jan,25,-3.9,TRUE
2005,Jan,26,-4.6,TRUE
2005,Jan,27,-3.5999999999999996,TRUE
2005,Jan,28,-4.800000000000001,TRUE
2005,Jan,29,-4.3,TRUE
2005,Jan,30,0.35,TRUE
2005,Jan,31,-0.25,TRUE
2005,Feb,1,-0.1499999999999999,TRUE
2005,Feb,2,-1.35,TRUE
2005,Feb,3,-0.5499999999999999,TRUE
2005,Feb,4,0.25,TRUE
2005,Feb,5,3.25,TRUE
2005,Feb,6,-0.45000000000000007,TRUE
2005,Feb,7,-5.300000000000001,TRUE
2005,Feb,8,-5.45,TRUE
2005,Feb,9,-3.8,TRUE
2005,Feb,10,0.85,TRUE
2005,Feb,11,-1.4,TRUE
2005,Feb,12,-0.35,TRUE
2005,Feb,13,-1.15,TRUE
2005,Feb,14,-2.7,TRUE
2005,Feb,15,-3.25,TRUE
2005,Feb,16,-4.45,TRUE
2005,Feb,17,-4.4,TRUE
2005,Feb,18,-0.7,TRUE
2005,Feb,19,0.75,TRUE
2005,Feb,20,0.30000000000000004,TRUE
2005,Feb,21,-1.85,TRUE
2005,Feb,22,-6.4,TRUE
2005,Feb,23,-7.7,TRUE
2005,Feb,24,-6,TRUE
2005,Feb,25,-7,TRUE
2005,Feb,26,-5.55,TRUE
2005,Feb,27,-8.35,TRUE
2005,Feb,28,-11.8,TRUE
2005,Dec,1,-2.6500000000000004,TRUE
2005,Dec,2,1.1,TRUE
2005,Dec,3,1.2999999999999998,TRUE
2005,Dec,4,0.8500000000000001,TRUE
2005,Dec,5,1.2000000000000002,TRUE
2005,Dec,6,2.45,TRUE
2005,Dec,7,2.15,TRUE
2005,Dec,8,0.5,TRUE
2005,Dec,9,-2.45,TRUE
2005,Dec,10,-0.2999999999999998,TRUE
2005,Dec,11,4.25,TRUE
2005,Dec,12,2.75,TRUE
2005,Dec,13,1.6,TRUE
2005,Dec,14,-0.7000000000000001,TRUE
2005,Dec,15,-0.30000000000000004,TRUE
2005,Dec,16,-3.95,TRUE
2005,Dec,17,-4.8,TRUE
2005,Dec,18,-8,TRUE
2005,Dec,19,-6,TRUE
2005,Dec,20,-0.75,TRUE
2005,Dec,21,-1.8,TRUE
2005,Dec,22,0.30000000000000004,TRUE
2005,Dec,23,0.4,TRUE
2005,Dec,24,1.2,TRUE
2005,Dec,25,-0.6,TRUE
2005,Dec,26,-1.7,TRUE
2005,Dec,27,-3.65,TRUE
2005,Dec,28,-3.45,TRUE
2005,Dec,29,-2.65,TRUE
2005,Dec,30,-1.25,TRUE
2005,Dec,31,-3.25,TRUE
2006,Jan,1,-2.15,TRUE
2006,Jan,2,-9.95,TRUE
2006,Jan,3,-11.6,TRUE
2006,Jan,4,-8.45,TRUE
2006,Jan,5,-3.35,TRUE
2006,Jan,6,-1.7,TRUE
2006,Jan,7,-2.55,TRUE
2006,Jan,8,-2.55,TRUE
2006,Jan,9,-5.05,TRUE
2006,Jan,10,-3.95,TRUE
2006,Jan,11,3,TRUE
2006,Jan,12,2.05,TRUE
2006,Jan,13,0.95,TRUE
2006,Jan,14,-1.25,TRUE
2006,Jan,15,-0.8500000000000001,TRUE
2006,Jan,16,-5.1,TRUE
2006,Jan,17,-2.35,TRUE
2006,Jan,18,-4.05,TRUE
2006,Jan,19,-8.6,TRUE
2006,Jan,20,-7.8999999999999995,TRUE
2006,Jan,21,-8.7,TRUE
2006,Jan,22,-16.6,TRUE
2006,Jan,23,-4.2,TRUE
2006,Jan,24,-2.15,TRUE
2006,Jan,25,-1.1,TRUE
2006,Jan,26,-5.05,TRUE
2006,Jan,27,-5.35,TRUE
2006,Jan,28,-2.95,TRUE
2006,Jan,29,-2.2,TRUE
2006,Jan,30,1.5,TRUE
2006,Jan,31,4.3,TRUE
2006,Feb,1,3.2,TRUE
2006,Feb,2,1.7000000000000002,TRUE
2006,Feb,3,-4.65,TRUE
2006,Feb,4,-11.2,TRUE
2006,Feb,5,-13.5,TRUE
2006,Feb,6,-8.15,TRUE
2006,Feb,7,-2.0999999999999996,TRUE
2006,Feb,8,-3.05,TRUE
2006,Feb,9,-1.65,TRUE
2006,Feb,10,-6,TRUE
2006,Feb,11,-9.549999999999999,TRUE
2006,Feb,12,-2.45,TRUE
2006,Feb,13,-10.55,TRUE
2006,Feb,14,-8.7,TRUE
2006,Feb,15,-1.3499999999999999,TRUE
2006,Feb,16,-1,TRUE
2006,Feb,17,-4.75,TRUE
2006,Feb,18,-3.6500000000000004,TRUE
2006,Feb,19,-1.4000000000000001,TRUE
2006,Feb,20,-1.1,TRUE
2006,Feb,21,-4.95,TRUE
2006,Feb,22,-4.35,TRUE
2006,Feb,23,0.9,TRUE
2006,Feb,24,-0.1,TRUE
2006,Feb,25,-2.85,TRUE
2006,Feb,26,-6,TRUE
2006,Feb,27,-8.4,TRUE
2006,Feb,28,-4.5,TRUE
2006,Dec,1,7.9,TRUE
2006,Dec,2,7.35,TRUE
2006,Dec,3,5.15,TRUE
2006,Dec,4,6.1,TRUE
2006,Dec,5,8.4,TRUE
2006,Dec,6,8,TRUE
2006,Dec,7,6.05,TRUE
2006,Dec,8,6.85,TRUE
2006,Dec,9,7.1,TRUE
2006,Dec,10,4.199999999999999,TRUE
2006,Dec,11,6.4,TRUE
2006,Dec,12,5.800000000000001,TRUE
2006,Dec,13,4.65,TRUE
2006,Dec,14,8.05,TRUE
2006,Dec,15,7.15,TRUE
2006,Dec,16,2.8,TRUE
2006,Dec,17,-2.45,TRUE
2006,Dec,18,-2.7,TRUE
2006,Dec,19,-1.55,TRUE
2006,Dec,20,1.55,TRUE
2006,Dec,21,-0.45,TRUE
2006,Dec,22,1.85,TRUE
2006,Dec,23,2.7,TRUE
2006,Dec,24,3.75,TRUE
2006,Dec,25,-0.35,TRUE
2006,Dec,26,2.9,TRUE
2006,Dec,27,1.9500000000000002,TRUE
2006,Dec,28,0.55,TRUE
2006,Dec,29,-0.4,TRUE
2006,Dec,30,3.8,TRUE
2006,Dec,31,3.65,TRUE
2007,Jan,1,3.45,FALSE
2007,Jan,2,0.9500000000000001,FALSE
2007,Jan,3,-0.25,FALSE
2007,Jan,4,5.15,FALSE
2007,Jan,5,1.4,FALSE
2007,Jan,6,1.1,FALSE
2007,Jan,7,3.25,FALSE
2007,Jan,8,5.55,FALSE
2007,Jan,9,6.95,FALSE
2007,Jan,10,5.65,FALSE
2007,Jan,11,-0.25,FALSE
2007,Jan,12,0.35,FALSE
2007,Jan,13,0.9500000000000001,FALSE
2007,Jan,14,3,FALSE
2007,Jan,15,3.0999999999999996,FALSE
2007,Jan,16,5.35,FALSE
2007,Jan,17,-0.2,FALSE
2007,Jan,18,3,FALSE
2007,Jan,19,-2.6999999999999997,FALSE
2007,Jan,20,-5.2,FALSE
2007,Jan,21,-3.3,FALSE
2007,Jan,22,-8.75,FALSE
2007,Jan,23,-9.8,FALSE
2007,Jan,24,-12.700000000000001,FALSE
2007,Jan,25,-10.15,FALSE
2007,Jan,26,-2,FALSE
2007,Jan,27,-7.1,FALSE
2007,Jan,28,-8.15,FALSE
2007,Jan,29,-6.949999999999999,FALSE
2007,Jan,30,-1.7000000000000002,FALSE
2007,Jan,31,0.4,FALSE
2007,Feb,1,-3.4499999999999997,FALSE
2007,Feb,2,2.4,FALSE
2007,Feb,3,1.15,FALSE
2007,Feb,4,-0.04999999999999999,FALSE
2007,Feb,5,-3.15,FALSE
2007,Feb,6,-9.3,FALSE
2007,Feb,7,-12.6,FALSE
2007,Feb,8,-5.25,FALSE
2007,Feb,9,-5.699999999999999,FALSE
2007,Feb,10,-10.75,FALSE
2007,Feb,11,-11.85,FALSE
2007,Feb,12,-4.300000000000001,FALSE
2007,Feb,13,-2.55,FALSE
2007,Feb,14,-2.55,FALSE
2007,Feb,15,-1.45,FALSE
2007,Feb,16,-0.9,FALSE
2007,Feb,17,1.1,FALSE
2007,Feb,18,-0.55,FALSE
2007,Feb,19,-2.05,FALSE
2007,Feb,20,-9.1,FALSE
2007,Feb,21,-14.65,FALSE
2007,Feb,22,-10.3,FALSE
2007,Feb,23,-7.449999999999999,FALSE
2007,Feb,24,-3,FALSE
2007,Feb,25,-1.9,FALSE
2007,Feb,26,-1.15,FALSE
2007,Feb,27,-1.75,FALSE
2007,Feb,28,-2.05,FALSE
2007,Dec,1,2.8,FALSE
2007,Dec,2,4.6,FALSE
2007,Dec,3,3.25,FALSE
2007,Dec,4,0.4,FALSE
2007,Dec,5,3.6,FALSE
2007,Dec,6,8,FALSE
2007,Dec,7,4.95,FALSE
2007,Dec,8,2.75,FALSE
2007,Dec,9,1.5,FALSE
2007,Dec,10,3.25,FALSE
2007,Dec,11,0.4,FALSE
2007,Dec,12,-3.3499999999999996,FALSE
2007,Dec,13,-2.85,FALSE
2007,Dec,14,-3.6999999999999997,FALSE
2007,Dec,15,-4.95,FALSE
2007,Dec,16,-4.3,FALSE
2007,Dec,17,-7.3,FALSE
2007,Dec,18,-7,FALSE
2007,Dec,19,-6.35,FALSE
2007,Dec,20,-3.8,FALSE
2007,Dec,21,-4.45,FALSE
2007,Dec,22,-4.8,FALSE
2007,Dec,23,0.30000000000000004,FALSE
2007,Dec,24,3.0999999999999996,FALSE
2007,Dec,25,3.25,FALSE
2007,Dec,26,3.65,FALSE
2007,Dec,27,4.7,FALSE
2007,Dec,28,5,FALSE
2007,Dec,29,5,FALSE
2007,Dec,30,1.95,FALSE
2007,Dec,31,-0.15000000000000002,FALSE
2008,Jan,1,0.9,FALSE
2008,Jan,2,-0.25,FALSE
2008,Jan,3,-1.95,FALSE
2008,Jan,4,-1.9,FALSE
2008,Jan,5,-1.35,FALSE
2008,Jan,6,0.050000000000000044,FALSE
2008,Jan,7,0.8500000000000001,FALSE
2008,Jan,8,1.25,FALSE
2008,Jan,9,1.45,FALSE
2008,Jan,10,1.7000000000000002,FALSE
2008,Jan,11,4.1,FALSE
2008,Jan,12,2.9,FALSE
2008,Jan,13,1.25,FALSE
2008,Jan,14,3.95,FALSE
2008,Jan,15,3.2,FALSE
2008,Jan,16,4.4,FALSE
2008,Jan,17,4.199999999999999,FALSE
2008,Jan,18,2.15,FALSE
2008,Jan,19,5.3,FALSE
2008,Jan,20,2.5,FALSE
2008,Jan,21,1.05,FALSE
2008,Jan,22,-0.6,FALSE
2008,Jan,23,-4.5,FALSE
2008,Jan,24,3,FALSE
2008,Jan,25,3.4000000000000004,FALSE
2008,Jan,26,0.6499999999999999,FALSE
2008,Jan,27,-0.6,FALSE
2008,Jan,28,0.6,FALSE
2008,Jan,29,4.5,FALSE
2008,Jan,30,0.15000000000000002,FALSE
2008,Jan,31,-0.19999999999999996,FALSE
2008,Feb,1,2.35,FALSE
2008,Feb,2,-0.5,FALSE
2008,Feb,3,0.40000000000000013,FALSE
2008,Feb,4,0.5000000000000001,FALSE
2008,Feb,5,1.05,FALSE
2008,Feb,6,2.95,FALSE
2008,Feb,7,1.4,FALSE
2008,Feb,8,2.25,FALSE
2008,Feb,9,4.35,FALSE
2008,Feb,10,2.95,FALSE
2008,Feb,11,-1.1500000000000001,FALSE
2008,Feb,12,0.3999999999999999,FALSE
2008,Feb,13,1.0999999999999999,FALSE
2008,Feb,14,-1,FALSE
2008,Feb,15,-4.3,FALSE
2008,Feb,16,-3.4,FALSE
2008,Feb,17,3.7,FALSE
2008,Feb,18,5.15,FALSE
2008,Feb,19,-1.55,FALSE
2008,Feb,20,-0.39999999999999997,FALSE
2008,Feb,21,3.0999999999999996,FALSE
2008,Feb,22,5.800000000000001,FALSE
2008,Feb,23,2.8,FALSE
2008,Feb,24,6.8,FALSE
2008,Feb,25,2.95,FALSE
2008,Feb,26,3.1999999999999997,FALSE
2008,Feb,27,3.2,FALSE
2008,Feb,28,1.35,FALSE
2008,Feb,29,2.5,FALSE
2008,Dec,1,1.35,FALSE
2008,Dec,2,3.9499999999999997,FALSE
2008,Dec,3,2.35,FALSE
2008,Dec,4,-0.09999999999999999,FALSE
2008,Dec,5,0.7000000000000001,FALSE
2008,Dec,6,2.55,FALSE
2008,Dec,7,0.55,FALSE
2008,Dec,8,1.8,FALSE
2008,Dec,9,1.65,FALSE
2008,Dec,10,-1.1,FALSE
2008,Dec,11,0,FALSE
2008,Dec,12,0.05,FALSE
2008,Dec,13,-2.9,FALSE
2008,Dec,14,1.1,FALSE
2008,Dec,15,-0.25,FALSE
2008,Dec,16,1.2,FALSE
2008,Dec,17,2.8,FALSE
2008,Dec,18,2.75,FALSE
2008,Dec,19,3.5,FALSE
2008,Dec,20,2.35,FALSE
2008,Dec,21,0.30000000000000004,FALSE
2008,Dec,22,2.5999999999999996,FALSE
2008,Dec,23,-1.15,FALSE
2008,Dec,24,-2.45,FALSE
2008,Dec,25,-4.6,FALSE
2008,Dec,26,-1.3,FALSE
2008,Dec,27,-3.25,FALSE
2008,Dec,28,-6.15,FALSE
2008,Dec,29,-7.05,FALSE
2008,Dec,30,-4,FALSE
2008,Dec,31,-5.75,FALSE
2009,Jan,1,-7.45,FALSE
2009,Jan,2,-8.15,FALSE
2009,Jan,3,-6.300000000000001,FALSE
2009,Jan,4,-15.200000000000001,FALSE
2009,Jan,5,-10.9,FALSE
2009,Jan,6,-2.9499999999999997,FALSE
2009,Jan,7,-7.55,FALSE
2009,Jan,8,-5.2,FALSE
2009,Jan,9,1.4500000000000002,FALSE
2009,Jan,10,1.5,FALSE
2009,Jan,11,2.45,FALSE
2009,Jan,12,5.25,FALSE
2009,Jan,13,4.3,FALSE
2009,Jan,14,0.15000000000000002,FALSE
2009,Jan,15,-4.35,FALSE
2009,Jan,16,-10.05,FALSE
2009,Jan,17,-3.8499999999999996,FALSE
2009,Jan,18,-1.55,FALSE
2009,Jan,19,-0.14999999999999997,FALSE
2009,Jan,20,1.05,FALSE
2009,Jan,21,-1,FALSE
2009,Jan,22,-1.2,FALSE
2009,Jan,23,0.30000000000000004,FALSE
2009,Jan,24,0.55,FALSE
2009,Jan,25,0.8,FALSE
2009,Jan,26,0.35,FALSE
2009,Jan,27,-0.9500000000000001,FALSE
2009,Jan,28,0,FALSE
2009,Jan,29,-2.1,FALSE
2009,Jan,30,-4.4,FALSE
2009,Jan,31,-3.95,FALSE
2009,Feb,1,-5.800000000000001,FALSE
2009,Feb,2,-6.05,FALSE
2009,Feb,3,-6.35,FALSE
2009,Feb,4,-1.95,FALSE
2009,Feb,5,-1.5999999999999999,FALSE
2009,Feb,6,-0.35000000000000003,FALSE
2009,Feb,7,-1.95,FALSE
2009,Feb,8,-2.3,FALSE
2009,Feb,9,-7.05,FALSE
2009,Feb,10,-5,FALSE
2009,Feb,11,-3.75,FALSE
2009,Feb,12,-5.25,FALSE
2009,Feb,13,-8.8,FALSE
2009,Feb,14,-10.05,FALSE
2009,Feb,15,-6.15,FALSE
2009,Feb,16,-5.5,FALSE
2009,Feb,17,-5.7,FALSE
2009,Feb,18,-6.5,FALSE
2009,Feb,19,-6.7,FALSE
2009,Feb,20,-6.8,FALSE
2009,Feb,21,-9.7,FALSE
2009,Feb,22,-1.05,FALSE
2009,Feb,23,-1.7,FALSE
2009,Feb,24,-2.25,FALSE
2009,Feb,25,-0.35,FALSE
2009,Feb,26,0.55,FALSE
2009,Feb,27,-0.95,FALSE
2009,Feb,28,-7,FALSE
2009,Dec,1,-0.5,FALSE
2009,Dec,2,-6.699999999999999,FALSE
2009,Dec,3,-1.4000000000000001,FALSE
2009,Dec,4,1.25,FALSE
2009,Dec,5,3.2,FALSE
2009,Dec,6,2.85,FALSE
2009,Dec,7,3.95,FALSE
2009,Dec,8,3.2,FALSE
2009,Dec,9,2.65,FALSE
2009,Dec,10,2.1,FALSE
2009,Dec,11,1.3,FALSE
2009,Dec,12,0.35000000000000003,FALSE
2009,Dec,13,-0.25,FALSE
2009,Dec,14,-3,FALSE
2009,Dec,15,-1.4,FALSE
2009,Dec,16,-5.949999999999999,FALSE
2009,Dec,17,-8.15,FALSE
2009,Dec,18,-14.05,FALSE
2009,Dec,19,-11.85,FALSE
2009,Dec,20,-6.75,FALSE
2009,Dec,21,-12.4,FALSE
2009,Dec,22,-11.850000000000001,FALSE
2009,Dec,23,-4.35,FALSE
2009,Dec,24,-3.0999999999999996,FALSE
2009,Dec,25,0.3,FALSE
2009,Dec,26,-2.6,FALSE
2009,Dec,27,-10.8,FALSE
2009,Dec,28,-2.25,FALSE
2009,Dec,29,-15.75,FALSE
2009,Dec,30,-17.8,FALSE
2009,Dec,31,-10.5,FALSE
2010,Jan,1,-8,FALSE
2010,Jan,2,-9.5,FALSE
2010,Jan,3,-12.75,FALSE
2010,Jan,4,-10.5,FALSE
2010,Jan,5,-17.85,FALSE
2010,Jan,6,-19.4,FALSE
2010,Jan,7,-12.8,FALSE
2010,Jan,8,-16.85,FALSE
2010,Jan,9,-19.65,FALSE
2010,Jan,10,-16.6,FALSE
2010,Jan,11,-16.549999999999997,FALSE
2010,Jan,12,-11.2,FALSE
2010,Jan,13,-10.7,FALSE
2010,Jan,14,-9.15,FALSE
2010,Jan,15,-3.8,FALSE
2010,Jan,16,-2.7,FALSE
2010,Jan,17,-2.75,FALSE
2010,Jan,18,-2.5,FALSE
2010,Jan,19,-2.25,FALSE
2010,Jan,20,-3.0999999999999996,FALSE
2010,Jan,21,-3.8499999999999996,FALSE
2010,Jan,22,-4.2,FALSE
2010,Jan,23,-5.5,FALSE
2010,Jan,24,-7.15,FALSE
2010,Jan,25,-8.15,FALSE
2010,Jan,26,-8.9,FALSE
2010,Jan,27,-7.2,FALSE
2010,Jan,28,-7.05,FALSE
2010,Jan,29,-11.7,FALSE
2010,Jan,30,-13.399999999999999,FALSE
2010,Jan,31,-13.399999999999999,FALSE
2010,Feb,1,-4.35,FALSE
2010,Feb,2,-6,FALSE
2010,Feb,3,-1.55,FALSE
2010,Feb,4,-1.8,FALSE
2010,Feb,5,-4.75,FALSE
2010,Feb,6,-2.15,FALSE
2010,Feb,7,-10.3,FALSE
2010,Feb,8,-10.850000000000001,FALSE
2010,Feb,9,-5.55,FALSE
2010,Feb,10,-5.05,FALSE
2010,Feb,11,-7.05,FALSE
2010,Feb,12,-3.85,FALSE
2010,Feb,13,-5.95,FALSE
2010,Feb,14,-9.1,FALSE
2010,Feb,15,-9.35,FALSE
2010,Feb,16,-7.3,FALSE
2010,Feb,17,-5.45,FALSE
2010,Feb,18,-7.449999999999999,FALSE
2010,Feb,19,-10,FALSE
2010,Feb,20,-13.350000000000001,FALSE
2010,Feb,21,-16.049999999999997,FALSE
2010,Feb,22,-21,FALSE
2010,Feb,23,-12.75,FALSE
2010,Feb,24,-13.3,FALSE
2010,Feb,25,-8.549999999999999,FALSE
2010,Feb,26,0.4,FALSE
2010,Feb,27,0.05,FALSE
2010,Feb,28,-0.8,FALSE
2010,Dec,1,-17.4,FALSE
2010,Dec,2,-14.45,FALSE
2010,Dec,3,-7.050000000000001,FALSE
2010,Dec,4,-8.55,FALSE
2010,Dec,5,-3.05,FALSE
2010,Dec,6,-3.15,FALSE
2010,Dec,7,-11.850000000000001,FALSE
2010,Dec,8,-9.15,FALSE
2010,Dec,9,-5.3,FALSE
2010,Dec,10,-10.8,FALSE
2010,Dec,11,-3.8,FALSE
2010,Dec,12,-12.55,FALSE
2010,Dec,13,-6.6,FALSE
2010,Dec,14,-6.95,FALSE
2010,Dec,15,-8.5,FALSE
2010,Dec,16,-3.55,FALSE
2010,Dec,17,-1.7,FALSE
2010,Dec,18,-4.8,FALSE
2010,Dec,19,-7.65,FALSE
2010,Dec,20,-8.9,FALSE
2010,Dec,21,-17,FALSE
2010,Dec,22,-23.55,FALSE
2010,Dec,23,-17.4,FALSE
2010,Dec,24,-13.85,FALSE
2010,Dec,25,-8.1,FALSE
2010,Dec,26,-4.699999999999999,FALSE
2010,Dec,27,-6,FALSE
2010,Dec,28,-7.65,FALSE
2010,Dec,29,-5.75,FALSE
2010,Dec,30,-9.55,FALSE
2010,Dec,31,-6.8500000000000005,FALSE
2011,Jan,1,-2.2,FALSE
2011,Jan,2,-7.35,FALSE
2011,Jan,3,-10.8,FALSE
2011,Jan,4,-8.850000000000001,FALSE
2011,Jan,5,-2.2,FALSE
2011,Jan,6,-2.4,FALSE
2011,Jan,7,-2.8000000000000003,FALSE
2011,Jan,8,-2.8000000000000003,FALSE
2011,Jan,9,1.3,FALSE
2011,Jan,10,2,FALSE
2011,Jan,11,-1.75,FALSE
2011,Jan,12,-2.95,FALSE
2011,Jan,13,-8.55,FALSE
2011,Jan,14,-7.85,FALSE
2011,Jan,15,-6.45,FALSE
2011,Jan,16,2.2,FALSE
2011,Jan,17,3.15,FALSE
2011,Jan,18,1.5,FALSE
2011,Jan,19,-2.7,FALSE
2011,Jan,20,-2.55,FALSE
2011,Jan,21,-2.75,FALSE
2011,Jan,22,-1.35,FALSE
2011,Jan,23,-4.25,FALSE
2011,Jan,24,-1.2,FALSE
2011,Jan,25,-2.8000000000000003,FALSE
2011,Jan,26,-11.55,FALSE
2011,Jan,27,-11.25,FALSE
2011,Jan,28,-4.4,FALSE
2011,Jan,29,0.5,FALSE
2011,Jan,30,-0.75,FALSE
2011,Jan,31,-1.0999999999999999,FALSE
2011,Feb,1,1.95,FALSE
2011,Feb,2,0.75,FALSE
2011,Feb,3,1.9,FALSE
2011,Feb,4,0.35,FALSE
2011,Feb,5,-0.6,FALSE
2011,Feb,6,-2.5,FALSE
2011,Feb,7,0.5,FALSE
2011,Feb,8,-0.2,FALSE
2011,Feb,9,-4.85,FALSE
2011,Feb,10,-2.55,FALSE
2011,Feb,11,-5.75,FALSE
2011,Feb,12,-9.4,FALSE
2011,Feb,13,-10.2,FALSE
2011,Feb,14,-15.6,FALSE
2011,Feb,15,-13.15,FALSE
2011,Feb,16,-7.949999999999999,FALSE
2011,Feb,17,-8.75,FALSE
2011,Feb,18,-13.8,FALSE
2011,Feb,19,-18.15,FALSE
2011,Feb,20,-15.299999999999999,FALSE
2011,Feb,21,-9.600000000000001,FALSE
2011,Feb,22,-12.55,FALSE
2011,Feb,23,-17.55,FALSE
2011,Feb,24,-13.45,FALSE
2011,Feb,25,-2.5999999999999996,FALSE
2011,Feb,26,-0.55,FALSE
2011,Feb,27,-2.25,FALSE
2011,Feb,28,-4.35,FALSE
2011,Dec,1,5.800000000000001,FALSE
2011,Dec,2,1.45,FALSE
2011,Dec,3,2.15,FALSE
2011,Dec,4,3.55,FALSE
2011,Dec,5,0.4,FALSE
2011,Dec,6,-1.5,FALSE
2011,Dec,7,0.25,FALSE
2011,Dec,8,-2.75,FALSE
2011,Dec,9,2.2,FALSE
2011,Dec,10,-1.15,FALSE
2011,Dec,11,-1.7,FALSE
2011,Dec,12,2.35,FALSE
2011,Dec,13,3.5,FALSE
2011,Dec,14,3.15,FALSE
2011,Dec,15,2.5,FALSE
2011,Dec,16,1.7000000000000002,FALSE
2011,Dec,17,1.1,FALSE
2011,Dec,18,0.2,FALSE
2011,Dec,19,-1.05,FALSE
2011,Dec,20,0.15,FALSE
2011,Dec,21,-0.04999999999999999,FALSE
2011,Dec,22,0.25,FALSE
2011,Dec,23,3.9,FALSE
2011,Dec,24,0.7999999999999999,FALSE
2011,Dec,25,4.6,FALSE
2011,Dec,26,7.35,FALSE
2011,Dec,27,6.8999999999999995,FALSE
2011,Dec,28,2.4,FALSE
2011,Dec,29,3.55,FALSE
2011,Dec,30,-1.9,FALSE
2011,Dec,31,-4.95,FALSE
2012,Jan,1,-2.05,FALSE
2012,Jan,2,3.35,FALSE
2012,Jan,3,2.5999999999999996,FALSE
2012,Jan,4,2,FALSE
2012,Jan,5,-1.65,FALSE
2012,Jan,6,-3.3499999999999996,FALSE
2012,Jan,7,-5.800000000000001,FALSE
2012,Jan,8,-5.199999999999999,FALSE
2012,Jan,9,-7.949999999999999,FALSE
2012,Jan,10,-2.7,FALSE
2012,Jan,11,1.85,FALSE
2012,Jan,12,1.6500000000000001,FALSE
2012,Jan,13,-0.6,FALSE
2012,Jan,14,-2.4,FALSE
2012,Jan,15,-2.5,FALSE
2012,Jan,16,-0.15000000000000002,FALSE
2012,Jan,17,-0.5,FALSE
2012,Jan,18,0.2,FALSE
2012,Jan,19,-1.35,FALSE
2012,Jan,20,-7.85,FALSE
2012,Jan,21,-6.55,FALSE
2012,Jan,22,-0.9,FALSE
2012,Jan,23,-4,FALSE
2012,Jan,24,-3.6500000000000004,FALSE
2012,Jan,25,-4.6,FALSE
2012,Jan,26,-2.7,FALSE
2012,Jan,27,-2.05,FALSE
2012,Jan,28,-3.4,FALSE
2012,Jan,29,-6.05,FALSE
2012,Jan,30,-7.1,FALSE
2012,Jan,31,-6.5,FALSE
2012,Feb,1,-7.1,FALSE
2012,Feb,2,-12.05,FALSE
2012,Feb,3,-11.6,FALSE
2012,Feb,4,-17.3,FALSE
2012,Feb,5,-11.25,FALSE
2012,Feb,6,-7.95,FALSE
2012,Feb,7,-5.2,FALSE
2012,Feb,8,-6.65,FALSE
2012,Feb,9,-13.100000000000001,FALSE
2012,Feb,10,-9.8,FALSE
2012,Feb,11,-3.25,FALSE
2012,Feb,12,-2.8,FALSE
2012,Feb,13,-7.85,FALSE
2012,Feb,14,-1.6,FALSE
2012,Feb,15,-2.4000000000000004,FALSE
2012,Feb,16,-8,FALSE
2012,Feb,17,-5,FALSE
2012,Feb,18,-4.1499999999999995,FALSE
2012,Feb,19,1.35,FALSE
2012,Feb,20,-1.95,FALSE
2012,Feb,21,0.7,FALSE
2012,Feb,22,1.7000000000000002,FALSE
2012,Feb,23,3.15,FALSE
2012,Feb,24,1.95,FALSE
2012,Feb,25,1.4500000000000002,FALSE
2012,Feb,26,-2.4,FALSE
2012,Feb,27,-4.25,FALSE
2012,Feb,28,3.7,FALSE
2012,Feb,29,2.75,FALSE
2012,Dec,1,-6.35,FALSE
2012,Dec,2,-11.15,FALSE
2012,Dec,3,-16.700000000000003,FALSE
2012,Dec,4,-10.95,FALSE
2012,Dec,5,-4.550000000000001,FALSE
2012,Dec,6,-4.85,FALSE
2012,Dec,7,-7.45,FALSE
2012,Dec,8,-8.75,FALSE
2012,Dec,9,-12.149999999999999,FALSE
2012,Dec,10,-7.15,FALSE
2012,Dec,11,-4.3,FALSE
2012,Dec,12,-9.5,FALSE
2012,Dec,13,-13.8,FALSE
2012,Dec,14,-11.2,FALSE
2012,Dec,15,-0.35000000000000003,FALSE
2012,Dec,16,0.4,FALSE
2012,Dec,17,0,FALSE
2012,Dec,18,-2.15,FALSE
2012,Dec,19,-3,FALSE
2012,Dec,20,-3.8,FALSE
2012,Dec,21,-4.4,FALSE
2012,Dec,22,-5.199999999999999,FALSE
2012,Dec,23,-4.25,FALSE
2012,Dec,24,-3.9,FALSE
2012,Dec,25,-2.9,FALSE
2012,Dec,26,-0.7,FALSE
2012,Dec,27,-0.8499999999999999,FALSE
2012,Dec,28,-6.5,FALSE
2012,Dec,29,0.35,FALSE
2012,Dec,30,2.85,FALSE
2012,Dec,31,2.6500000000000004,FALSE
2013,Jan,1,3.35,FALSE
2013,Jan,2,0.19999999999999996,FALSE
2013,Jan,3,-0.14999999999999997,FALSE
2013,Jan,4,1,FALSE
2013,Jan,5,-2.45,FALSE
2013,Jan,6,-2.05,FALSE
2013,Jan,7,-0.55,FALSE
2013,Jan,8,-0.24999999999999997,FALSE
2013,Jan,9,-1.2000000000000002,FALSE
2013,Jan,10,-2.45,FALSE
2013,Jan,11,-2.45,FALSE
2013,Jan,12,-4.3,FALSE
2013,Jan,13,-6.95,FALSE
2013,Jan,14,-5.35,FALSE
2013,Jan,15,-5.65,FALSE
2013,Jan,16,-4.550000000000001,FALSE
2013,Jan,17,-4.45,FALSE
2013,Jan,18,-9.75,FALSE
2013,Jan,19,-18.5,FALSE
2013,Jan,20,-4.25,FALSE
2013,Jan,21,-7.05,FALSE
2013,Jan,22,-15.3,FALSE
2013,Jan,23,-16.65,FALSE
2013,Jan,24,-17,FALSE
2013,Jan,25,-13.45,FALSE
2013,Jan,26,-4.75,FALSE
2013,Jan,27,-3.7,FALSE
2013,Jan,28,1.8,FALSE
2013,Jan,29,1.1,FALSE
2013,Jan,30,3.0999999999999996,FALSE
2013,Jan,31,1.1,FALSE
2013,Feb,1,-5.8,FALSE
2013,Feb,2,-6.7,FALSE
2013,Feb,3,-4.45,FALSE
2013,Feb,4,-1.5999999999999999,FALSE
2013,Feb,5,-0.1,FALSE
2013,Feb,6,-2.5,FALSE
2013,Feb,7,-3.15,FALSE
2013,Feb,8,-2.95,FALSE
2013,Feb,9,-5.7,FALSE
2013,Feb,10,-6.3,FALSE
2013,Feb,11,-5.1,FALSE
2013,Feb,12,-2.85,FALSE
2013,Feb,13,-2.95,FALSE
2013,Feb,14,-0.6,FALSE
2013,Feb,15,-0.05000000000000002,FALSE
2013,Feb,16,0,FALSE
2013,Feb,17,-0.15000000000000002,FALSE
2013,Feb,18,-2.8,FALSE
2013,Feb,19,-2.8499999999999996,FALSE
2013,Feb,20,-3.1,FALSE
2013,Feb,21,-7.1,FALSE
2013,Feb,22,-5.4,FALSE
2013,Feb,23,-5.35,FALSE
2013,Feb,24,-5.4,FALSE
2013,Feb,25,-7.65,FALSE
2013,Feb,26,-6,FALSE
2013,Feb,27,0.15,FALSE
2013,Feb,28,0.25,FALSE
2013,Dec,1,3.75,FALSE
2013,Dec,2,0.8999999999999999,FALSE
2013,Dec,3,5.15,FALSE
2013,Dec,4,0.25,FALSE
2013,Dec,5,2.55,FALSE
2013,Dec,6,-0.9000000000000001,FALSE
2013,Dec,7,-5.1,FALSE
2013,Dec,8,-8,FALSE
2013,Dec,9,-5.15,FALSE
2013,Dec,10,1.85,FALSE
2013,Dec,11,4.95,FALSE
2013,Dec,12,6.55,FALSE
2013,Dec,13,-0.20000000000000018,FALSE
2013,Dec,14,1.1500000000000001,FALSE
2013,Dec,15,3.55,FALSE
2013,Dec,16,6.800000000000001,FALSE
2013,Dec,17,3.3499999999999996,FALSE
2013,Dec,18,-0.10000000000000003,FALSE
2013,Dec,19,4.2,FALSE
2013,Dec,20,3.4,FALSE
2013,Dec,21,5.15,FALSE
2013,Dec,22,5,FALSE
2013,Dec,23,3.95,FALSE
2013,Dec,24,6.1,FALSE
2013,Dec,25,6.6,FALSE
2013,Dec,26,1.9,FALSE
2013,Dec,27,1.85,FALSE
2013,Dec,28,5.25,FALSE
2013,Dec,29,3.55,FALSE
2013,Dec,30,1.85,FALSE
2013,Dec,31,3.75,FALSE
2014,Jan,1,1.75,FALSE
2014,Jan,2,3.65,FALSE
2014,Jan,3,3.6,FALSE
2014,Jan,4,4.65,FALSE
2014,Jan,5,1.1,FALSE
2014,Jan,6,3.1,FALSE
2014,Jan,7,5.95,FALSE
2014,Jan,8,5.2,FALSE
2014,Jan,9,5.1,FALSE
2014,Jan,10,-1.65,FALSE
2014,Jan,11,-5.3,FALSE
2014,Jan,12,-9.15,FALSE
2014,Jan,13,-10.25,FALSE
2014,Jan,14,-6.4,FALSE
2014,Jan,15,-6.45,FALSE
2014,Jan,16,-6.7,FALSE
2014,Jan,17,-9.350000000000001,FALSE
2014,Jan,18,-6.55,FALSE
2014,Jan,19,-4.35,FALSE
2014,Jan,20,-3.7,FALSE
2014,Jan,21,-4.25,FALSE
2014,Jan,22,-7.95,FALSE
2014,Jan,23,-8,FALSE
2014,Jan,24,-5.6,FALSE
2014,Jan,25,-4.65,FALSE
2014,Jan,26,-4.2,FALSE
2014,Jan,27,-2,FALSE
2014,Jan,28,-1.25,FALSE
2014,Jan,29,-3.5,FALSE
2014,Jan,30,-3.65,FALSE
2014,Jan,31,-4.5,FALSE
2014,Feb,1,-1.1,FALSE
2014,Feb,2,1,FALSE
2014,Feb,3,1.75,FALSE
2014,Feb,4,0.09999999999999998,FALSE
2014,Feb,5,-0.25,FALSE
2014,Feb,6,-0.05,FALSE
2014,Feb,7,0.95,FALSE
2014,Feb,8,1.9,FALSE
2014,Feb,9,2.7,FALSE
2014,Feb,10,2.3499999999999996,FALSE
2014,Feb,11,0.55,FALSE
2014,Feb,12,0.2,FALSE
2014,Feb,13,0.45,FALSE
2014,Feb,14,1.25,FALSE
2014,Feb,15,2.1,FALSE
2014,Feb,16,4.050000000000001,FALSE
2014,Feb,17,1.85,FALSE
2014,Feb,18,-1.8,FALSE
2014,Feb,19,-2.65,FALSE
2014,Feb,20,-1.05,FALSE
2014,Feb,21,1.15,FALSE
2014,Feb,22,1.7,FALSE
2014,Feb,23,5.1,FALSE
2014,Feb,24,6.300000000000001,FALSE
2014,Feb,25,2.05,FALSE
2014,Feb,26,1.65,FALSE
2014,Feb,27,1.8,FALSE
2014,Feb,28,2.05,FALSE
2014,Dec,1,-0.75,FALSE
2014,Dec,2,0.8,FALSE
2014,Dec,3,0.8,FALSE
2014,Dec,4,1.5499999999999998,FALSE
2014,Dec,5,0.8999999999999999,FALSE
2014,Dec,6,0.40000000000000013,FALSE
2014,Dec,7,3.45,FALSE
2014,Dec,8,2.65,FALSE
2014,Dec,9,1.95,FALSE
2014,Dec,10,3,FALSE
2014,Dec,11,3.1500000000000004,FALSE
2014,Dec,12,1.05,FALSE
2014,Dec,13,0.8,FALSE
2014,Dec,14,0.6500000000000001,FALSE
2014,Dec,15,3.45,FALSE
2014,Dec,16,0.9500000000000001,FALSE
2014,Dec,17,-1.85,FALSE
2014,Dec,18,1.4,FALSE
2014,Dec,19,3.25,FALSE
2014,Dec,20,-1.25,FALSE
2014,Dec,21,-2.5,FALSE
2014,Dec,22,-0.45,FALSE
2014,Dec,23,-3.85,FALSE
2014,Dec,24,-3.4499999999999997,FALSE
2014,Dec,25,-10.8,FALSE
2014,Dec,26,-8.85,FALSE
2014,Dec,27,-11.75,FALSE
2014,Dec,28,-13.8,FALSE
2014,Dec,29,-8.15,FALSE
2014,Dec,30,-0.9,FALSE
2014,Dec,31,1,FALSE
2015,Jan,1,4.1,FALSE
2015,Jan,2,4.5,FALSE
2015,Jan,3,1.05,FALSE
2015,Jan,4,-0.4,FALSE
2015,Jan,5,-4.6,FALSE
2015,Jan,6,-1.75,FALSE
2015,Jan,7,-0.75,FALSE
2015,Jan,8,2.0999999999999996,FALSE
2015,Jan,9,-1.7,FALSE
2015,Jan,10,-2,FALSE
2015,Jan,11,-3,FALSE
2015,Jan,12,-2.75,FALSE
2015,Jan,13,2.05,FALSE
2015,Jan,14,1.8,FALSE
2015,Jan,15,1.15,FALSE
2015,Jan,16,3.95,FALSE
2015,Jan,17,1.75,FALSE
2015,Jan,18,1.7000000000000002,FALSE
2015,Jan,19,-0.8999999999999999,FALSE
2015,Jan,20,-0.8,FALSE
2015,Jan,21,-0.4,FALSE
2015,Jan,22,-2.15,FALSE
2015,Jan,23,-7.35,FALSE
2015,Jan,24,-2.2,FALSE
2015,Jan,25,-3.3499999999999996,FALSE
2015,Jan,26,-1,FALSE
2015,Jan,27,-0.7,FALSE
2015,Jan,28,1.4,FALSE
2015,Jan,29,0.7,FALSE
2015,Jan,30,-0.35000000000000003,FALSE
2015,Jan,31,0.1,FALSE
2015,Feb,1,-1.45,FALSE
2015,Feb,2,-5.6,FALSE
2015,Feb,3,-5.800000000000001,FALSE
2015,Feb,4,-5.300000000000001,FALSE
2015,Feb,5,-4.75,FALSE
2015,Feb,6,-1.7999999999999998,FALSE
2015,Feb,7,-1.95,FALSE
2015,Feb,8,-2.3,FALSE
2015,Feb,9,2.3,FALSE
2015,Feb,10,0.55,FALSE
2015,Feb,11,0,FALSE
2015,Feb,12,0.85,FALSE
2015,Feb,13,0,FALSE
2015,Feb,14,0.75,FALSE
2015,Feb,15,-2,FALSE
2015,Feb,16,-0.7,FALSE
2015,Feb,17,0.2,FALSE
2015,Feb,18,3.3,FALSE
2015,Feb,19,4.6,FALSE
2015,Feb,20,3.2,FALSE
2015,Feb,21,1.2000000000000002,FALSE
2015,Feb,22,0.9500000000000001,FALSE
2015,Feb,23,1.4,FALSE
2015,Feb,24,1.5999999999999999,FALSE
2015,Feb,25,2.95,FALSE
2015,Feb,26,-0.45,FALSE
2015,Feb,27,1.8,FALSE
2015,Feb,28,1.4500000000000002,FALSE
2015,Dec,1,-1.2,FALSE
2015,Dec,2,-0.3500000000000001,FALSE
2015,Dec,3,4.35,FALSE
2015,Dec,4,4.2,FALSE
2015,Dec,5,8.05,FALSE
2015,Dec,6,8.100000000000001,FALSE
2015,Dec,7,3.25,FALSE
2015,Dec,8,1.45,FALSE
2015,Dec,9,6.449999999999999,FALSE
2015,Dec,10,7.85,FALSE
2015,Dec,11,3.15,FALSE
2015,Dec,12,-1.25,FALSE
2015,Dec,13,-4.4,FALSE
2015,Dec,14,-7.15,FALSE
2015,Dec,15,-3.4,FALSE
2015,Dec,16,-2.45,FALSE
2015,Dec,17,1.15,FALSE
2015,Dec,18,6.95,FALSE
2015,Dec,19,8,FALSE
2015,Dec,20,10.9,FALSE
2015,Dec,21,7.85,FALSE
2015,Dec,22,4.85,FALSE
2015,Dec,23,6.65,FALSE
2015,Dec,24,5.949999999999999,FALSE
2015,Dec,25,5.699999999999999,FALSE
2015,Dec,26,-1.5499999999999998,FALSE
2015,Dec,27,-4.8999999999999995,FALSE
2015,Dec,28,-5.3999999999999995,FALSE
2015,Dec,29,-6.300000000000001,FALSE
2015,Dec,30,-2.5,FALSE
2015,Dec,31,-1.35,FALSE
2016,Jan,1,1.35,FALSE
2016,Jan,2,-3.45,FALSE
2016,Jan,3,-6.6,FALSE
2016,Jan,4,-8.45,FALSE
2016,Jan,5,-8.7,FALSE
2016,Jan,6,-15.25,FALSE
2016,Jan,7,-15.05,FALSE
2016,Jan,8,-6.9,FALSE
2016,Jan,9,-11.2,FALSE
2016,Jan,10,-3.1,FALSE
2016,Jan,11,-0.05,FALSE
2016,Jan,12,-3,FALSE
2016,Jan,13,-7.6,FALSE
2016,Jan,14,-15.5,FALSE
2016,Jan,15,-18.4,FALSE
2016,Jan,16,-16.4,FALSE
2016,Jan,17,-11.850000000000001,FALSE
2016,Jan,18,-8.45,FALSE
2016,Jan,19,-12.8,FALSE
2016,Jan,20,-11.7,FALSE
2016,Jan,21,-12.7,FALSE
2016,Jan,22,-10.95,FALSE
2016,Jan,23,-3.9000000000000004,FALSE
2016,Jan,24,-0.24999999999999997,FALSE
2016,Jan,25,0.8500000000000001,FALSE
2016,Jan,26,3.4,FALSE
2016,Jan,27,4.75,FALSE
2016,Jan,28,2.8,FALSE
2016,Jan,29,5.15,FALSE
2016,Jan,30,3.2,FALSE
2016,Jan,31,0.6,FALSE
2016,Feb,1,-2.8000000000000003,FALSE
2016,Feb,2,2.9,FALSE
2016,Feb,3,-1.0499999999999998,FALSE
2016,Feb,4,-2.25,FALSE
2016,Feb,5,-3.3,FALSE
2016,Feb,6,2.9,FALSE
2016,Feb,7,4.15,FALSE
2016,Feb,8,3.9,FALSE
2016,Feb,9,3.3499999999999996,FALSE
2016,Feb,10,1.05,FALSE
2016,Feb,11,0.75,FALSE
2016,Feb,12,-1.65,FALSE
2016,Feb,13,-2.25,FALSE
2016,Feb,14,-3.75,FALSE
2016,Feb,15,-8.2,FALSE
2016,Feb,16,-6.1,FALSE
2016,Feb,17,-1.65,FALSE
2016,Feb,18,-1.75,FALSE
2016,Feb,19,-0.8,FALSE
2016,Feb,20,-0.2,FALSE
2016,Feb,21,1.2000000000000002,FALSE
2016,Feb,22,-0.75,FALSE
2016,Feb,23,-2.9,FALSE
2016,Feb,24,-3.6999999999999997,FALSE
2016,Feb,25,-3.55,FALSE
2016,Feb,26,-2.15,FALSE
2016,Feb,27,-4.1,FALSE
2016,Feb,28,-3.95,FALSE
2016,Feb,29,-5,FALSE
2016,Dec,1,-3.95,FALSE
2016,Dec,2,-1,FALSE
2016,Dec,3,-5.4,FALSE
2016,Dec,4,-1.35,FALSE
2016,Dec,5,2.9000000000000004,FALSE
2016,Dec,6,-2.7,FALSE
2016,Dec,7,0.7999999999999999,FALSE
2016,Dec,8,6,FALSE
2016,Dec,9,3.8499999999999996,FALSE
2016,Dec,10,-0.55,FALSE
2016,Dec,11,-1.3,FALSE
2016,Dec,12,-6.050000000000001,FALSE
2016,Dec,13,-1,FALSE
2016,Dec,14,-1.15,FALSE
2016,Dec,15,-3.85,FALSE
2016,Dec,16,0.8,FALSE
2016,Dec,17,0.6,FALSE
2016,Dec,18,-1.05,FALSE
2016,Dec,19,2.1,FALSE
2016,Dec,20,4.55,FALSE
2016,Dec,21,1,FALSE
2016,Dec,22,4.45,FALSE
2016,Dec,23,2.8499999999999996,FALSE
2016,Dec,24,4.7,FALSE
2016,Dec,25,2.6,FALSE
2016,Dec,26,4.5,FALSE
2016,Dec,27,1.6,FALSE
2016,Dec,28,-1.05,FALSE
2016,Dec,29,4.05,FALSE
2016,Dec,30,6.300000000000001,FALSE
2016,Dec,31,8.2,FALSE
2017,Jan,1,1.8499999999999999,FALSE
2017,Jan,2,-2.2,FALSE
2017,Jan,3,-3.95,FALSE
2017,Jan,4,-4.6,FALSE
2017,Jan,5,-14.149999999999999,FALSE
2017,Jan,6,-9.7,FALSE
2017,Jan,7,-6,FALSE
2017,Jan,8,-5.15,FALSE
2017,Jan,9,2.2,FALSE
2017,Jan,10,1.1,FALSE
2017,Jan,11,1.15,FALSE
2017,Jan,12,1.7999999999999998,FALSE
2017,Jan,13,-1.35,FALSE
2017,Jan,14,-4.25,FALSE
2017,Jan,15,-5.6,FALSE
2017,Jan,16,-2.9000000000000004,FALSE
2017,Jan,17,-3.4,FALSE
2017,Jan,18,1.9,FALSE
2017,Jan,19,2.75,FALSE
2017,Jan,20,1.4,FALSE
2017,Jan,21,-1.5499999999999998,FALSE
2017,Jan,22,0.25,FALSE
2017,Jan,23,0.8,FALSE
2017,Jan,24,-4.6,FALSE
2017,Jan,25,1.2,FALSE
2017,Jan,26,3.1500000000000004,FALSE
2017,Jan,27,-0.75,FALSE
2017,Jan,28,-2.05,FALSE
2017,Jan,29,-1.9,FALSE
2017,Jan,30,1.9,FALSE
2017,Jan,31,0.2,FALSE
2017,Feb,1,-1,FALSE
2017,Feb,2,-1.2999999999999998,FALSE
2017,Feb,3,-1.75,FALSE
2017,Feb,4,0.04999999999999999,FALSE
2017,Feb,5,-0.04999999999999999,FALSE
2017,Feb,6,-2.7,FALSE
2017,Feb,7,-7.6499999999999995,FALSE
2017,Feb,8,-7.25,FALSE
2017,Feb,9,-4.05,FALSE
2017,Feb,10,-3.25,FALSE
2017,Feb,11,-4.9,FALSE
2017,Feb,12,-6.45,FALSE
2017,Feb,13,-1.55,FALSE
2017,Feb,14,-2.5,FALSE
2017,Feb,15,-2.8000000000000003,FALSE
2017,Feb,16,-0.95,FALSE
2017,Feb,17,0.6000000000000001,FALSE
2017,Feb,18,-1.7,FALSE
2017,Feb,19,4.550000000000001,FALSE
2017,Feb,20,2.25,FALSE
2017,Feb,21,-2.7,FALSE
2017,Feb,22,0.8,FALSE
2017,Feb,23,-3,FALSE
2017,Feb,24,-4.1499999999999995,FALSE
2017,Feb,25,-2.6500000000000004,FALSE
2017,Feb,26,-0.9500000000000001,FALSE
2017,Feb,27,0.7999999999999998,FALSE
2017,Feb,28,3.1,FALSE
2017,Dec,1,-0.15000000000000002,FALSE
2017,Dec,2,-0.3999999999999999,FALSE
2017,Dec,3,1.9500000000000002,FALSE
2017,Dec,4,-1.7999999999999998,FALSE
2017,Dec,5,-2.45,FALSE
2017,Dec,6,-2.85,FALSE
2017,Dec,7,3.5,FALSE
2017,Dec,8,4.6,FALSE
2017,Dec,9,2.25,FALSE
2017,Dec,10,-0.25,FALSE
2017,Dec,11,-1.5499999999999998,FALSE
2017,Dec,12,-1.05,FALSE
2017,Dec,13,-1.9500000000000002,FALSE
2017,Dec,14,1,FALSE
2017,Dec,15,0.85,FALSE
2017,Dec,16,0.39999999999999997,FALSE
2017,Dec,17,-6.1,FALSE
2017,Dec,18,0.25,FALSE
2017,Dec,19,-1.35,FALSE
2017,Dec,20,2.1500000000000004,FALSE
2017,Dec,21,-2.35,FALSE
2017,Dec,22,-2.85,FALSE
2017,Dec,23,2.95,FALSE
2017,Dec,24,-1,FALSE
2017,Dec,25,2.35,FALSE
2017,Dec,26,1.75,FALSE
2017,Dec,27,2.1,FALSE
2017,Dec,28,3.25,FALSE
2017,Dec,29,1.45,FALSE
2017,Dec,30,0.5,FALSE
2017,Dec,31,0.9,FALSE
2018,Jan,1,1.5499999999999998,FALSE
2018,Jan,2,2.1,FALSE
2018,Jan,3,1.65,FALSE
2018,Jan,4,1.45,FALSE
2018,Jan,5,-0.35000000000000003,FALSE
2018,Jan,6,-4.9,FALSE
2018,Jan,7,-3.65,FALSE
2018,Jan,8,-3.15,FALSE
2018,Jan,9,-2.05,FALSE
2018,Jan,10,-7.85,FALSE
2018,Jan,11,-2.05,FALSE
2018,Jan,12,-1,FALSE
2018,Jan,13,-1,FALSE
2018,Jan,14,-1.0499999999999998,FALSE
2018,Jan,15,-1.2,FALSE
2018,Jan,16,0.39999999999999997,FALSE
2018,Jan,17,-2.3,FALSE
2018,Jan,18,-3.15,FALSE
2018,Jan,19,-4.2,FALSE
2018,Jan,20,-3.3499999999999996,FALSE
2018,Jan,21,-10.75,FALSE
2018,Jan,22,-7.55,FALSE
2018,Jan,23,-3.7,FALSE
2018,Jan,24,2.5,FALSE
2018,Jan,25,5.3,FALSE
2018,Jan,26,3.0999999999999996,FALSE
2018,Jan,27,-1.45,FALSE
2018,Jan,28,0.4,FALSE
2018,Jan,29,0,FALSE
2018,Jan,30,-1.85,FALSE
2018,Jan,31,0.04999999999999999,FALSE
2018,Feb,1,0.15000000000000002,FALSE
2018,Feb,2,-4.75,FALSE
2018,Feb,3,-5.25,FALSE
2018,Feb,4,-5.9,FALSE
2018,Feb,5,-11.45,FALSE
2018,Feb,6,-7.8999999999999995,FALSE
2018,Feb,7,-5.699999999999999,FALSE
2018,Feb,8,-2.25,FALSE
2018,Feb,9,-4.65,FALSE
2018,Feb,10,-2.9,FALSE
2018,Feb,11,-2.3,FALSE
2018,Feb,12,1.05,FALSE
2018,Feb,13,0.15,FALSE
2018,Feb,14,-0.30000000000000004,FALSE
2018,Feb,15,-2.05,FALSE
2018,Feb,16,-0.5,FALSE
2018,Feb,17,-3.85,FALSE
2018,Feb,18,-1.55,FALSE
2018,Feb,19,-3.2,FALSE
2018,Feb,20,-6.6,FALSE
2018,Feb,21,-7.75,FALSE
2018,Feb,22,-5.699999999999999,FALSE
2018,Feb,23,-4.75,FALSE
2018,Feb,24,-7.95,FALSE
2018,Feb,25,-8.55,FALSE
2018,Feb,26,-8.3,FALSE
2018,Feb,27,-12.3,FALSE
2018,Feb,28,-12.75,FALSE
2018,Dec,1,2.25,FALSE
2018,Dec,2,3.35,FALSE
2018,Dec,3,4.7,FALSE
2018,Dec,4,3.3499999999999996,FALSE
2018,Dec,5,-1.1,FALSE
2018,Dec,6,0,FALSE
2018,Dec,7,0.65,FALSE
2018,Dec,8,4.75,FALSE
2018,Dec,9,3.5,FALSE
2018,Dec,10,-1.2,FALSE
2018,Dec,11,2.25,FALSE
2018,Dec,12,-0.6499999999999999,FALSE
2018,Dec,13,-1.9500000000000002,FALSE
2018,Dec,14,-2.4000000000000004,FALSE
2018,Dec,15,-3.6,FALSE
2018,Dec,16,-0.7,FALSE
2018,Dec,17,-0.95,FALSE
2018,Dec,18,-0.8500000000000001,FALSE
2018,Dec,19,-0.4,FALSE
2018,Dec,20,0.35000000000000003,FALSE
2018,Dec,21,-2.15,FALSE
2018,Dec,22,-4.1,FALSE
2018,Dec,23,-6.95,FALSE
2018,Dec,24,-8.15,FALSE
2018,Dec,25,0.3999999999999999,FALSE
2018,Dec,26,1.65,FALSE
2018,Dec,27,-0.9,FALSE
2018,Dec,28,-3,FALSE
2018,Dec,29,-1.75,FALSE
2018,Dec,30,-2.15,FALSE
2018,Dec,31,-0.6,FALSE
2019,Jan,1,3.1,FALSE
2019,Jan,2,-1.6,FALSE
2019,Jan,3,-2.5,FALSE
2019,Jan,4,3.3499999999999996,FALSE
2019,Jan,5,0.04999999999999999,FALSE
2019,Jan,6,0.25,FALSE
2019,Jan,7,0.65,FALSE
2019,Jan,8,0.2,FALSE
2019,Jan,9,-2.3,FALSE
2019,Jan,10,-4.35,FALSE
2019,Jan,11,0.95,FALSE
2019,Jan,12,-3.3499999999999996,FALSE
2019,Jan,13,-4,FALSE
2019,Jan,14,-4.8,FALSE
2019,Jan,15,-3.9,FALSE
2019,Jan,16,-5.45,FALSE
2019,Jan,17,-6.35,FALSE
2019,Jan,18,-9.35,FALSE
2019,Jan,19,-6.5,FALSE
2019,Jan,20,-9.9,FALSE
2019,Jan,21,-8.85,FALSE
2019,Jan,22,-3.75,FALSE
2019,Jan,23,-6.75,FALSE
2019,Jan,24,-8.4,FALSE
2019,Jan,25,-5.45,FALSE
2019,Jan,26,-5.55,FALSE
2019,Jan,27,-7.9,FALSE
2019,Jan,28,-2.6500000000000004,FALSE
2019,Jan,29,-3.3,FALSE
2019,Jan,30,-9.350000000000001,FALSE
2019,Jan,31,-8.25,FALSE
2019,Feb,1,-2.25,FALSE
2019,Feb,2,0.2,FALSE
2019,Feb,3,-7.7,FALSE
2019,Feb,4,-6.6,FALSE
2019,Feb,5,-1.85,FALSE
2019,Feb,6,-9.9,FALSE
2019,Feb,7,0.8999999999999999,FALSE
2019,Feb,8,2.9000000000000004,FALSE
2019,Feb,9,2.85,FALSE
2019,Feb,10,3.6,FALSE
2019,Feb,11,0.15000000000000002,FALSE
2019,Feb,12,-2,FALSE
2019,Feb,13,3.5,FALSE
2019,Feb,14,3.25,FALSE
2019,Feb,15,3.2,FALSE
2019,Feb,16,3.5999999999999996,FALSE
2019,Feb,17,0.7999999999999999,FALSE
2019,Feb,18,4.3,FALSE
2019,Feb,19,4.25,FALSE
2019,Feb,20,0.39999999999999997,FALSE
2019,Feb,21,-3.8,FALSE
2019,Feb,22,-5.3,FALSE
2019,Feb,23,2.5,FALSE
2019,Feb,24,3.95,FALSE
2019,Feb,25,3.0500000000000003,FALSE
2019,Feb,26,3.7,FALSE
2019,Feb,27,3.6,FALSE
2019,Feb,28,2.8,FALSE
2019,Dec,1,-4.2,FALSE
2019,Dec,2,-6.35,FALSE
2019,Dec,3,-2.25,FALSE
2019,Dec,4,3,FALSE
2019,Dec,5,6.75,FALSE
2019,Dec,6,4.1,FALSE
2019,Dec,7,3.65,FALSE
2019,Dec,8,3.1500000000000004,FALSE
2019,Dec,9,2.85,FALSE
2019,Dec,10,-5.25,FALSE
2019,Dec,11,3.0999999999999996,FALSE
2019,Dec,12,2.55,FALSE
2019,Dec,13,2.3,FALSE
2019,Dec,14,3.4000000000000004,FALSE
2019,Dec,15,3.2,FALSE
2019,Dec,16,2.5,FALSE
2019,Dec,17,2.75,FALSE
2019,Dec,18,0.1,FALSE
2019,Dec,19,-1.5,FALSE
2019,Dec,20,4.25,FALSE
2019,Dec,21,5.15,FALSE
2019,Dec,22,3.4,FALSE
2019,Dec,23,0.75,FALSE
2019,Dec,24,1.9000000000000001,FALSE
2019,Dec,25,2.1,FALSE
2019,Dec,26,-0.5,FALSE
2019,Dec,27,-2.3,FALSE
2019,Dec,28,-3.4,FALSE
2019,Dec,29,3.6500000000000004,FALSE
2019,Dec,30,7.550000000000001,FALSE
2019,Dec,31,3.35,FALSE
2020,Jan,1,3.6,FALSE
2020,Jan,2,6.2,FALSE
2020,Jan,3,4.7,FALSE
2020,Jan,4,1.55,FALSE
2020,Jan,5,-0.55,FALSE
2020,Jan,6,4.95,FALSE
2020,Jan,7,5.2,FALSE
2020,Jan,8,6.300000000000001,FALSE
2020,Jan,9,1.6500000000000001,FALSE
2020,Jan,10,-1.85,FALSE
2020,Jan,11,1.75,FALSE
2020,Jan,12,5,FALSE
2020,Jan,13,2.05,FALSE
2020,Jan,14,3.45,FALSE
2020,Jan,15,7.5,FALSE
2020,Jan,16,6.15,FALSE
2020,Jan,17,3.3000000000000003,FALSE
2020,Jan,18,4.3,FALSE
2020,Jan,19,0.7,FALSE
2020,Jan,20,3.05,FALSE
2020,Jan,21,6.199999999999999,FALSE
2020,Jan,22,2.05,FALSE
2020,Jan,23,0.8999999999999999,FALSE
2020,Jan,24,3.85,FALSE
2020,Jan,25,0.75,FALSE
2020,Jan,26,5.65,FALSE
2020,Jan,27,4.35,FALSE
2020,Jan,28,3.1500000000000004,FALSE
2020,Jan,29,2.8,FALSE
2020,Jan,30,1.95,FALSE
2020,Jan,31,2,FALSE
2020,Feb,1,5.5,FALSE
2020,Feb,2,2.2,FALSE
2020,Feb,3,-1.75,FALSE
2020,Feb,4,-2.3,FALSE
2020,Feb,5,-0.30000000000000004,FALSE
2020,Feb,6,0.09999999999999998,FALSE
2020,Feb,7,-0.15000000000000002,FALSE
2020,Feb,8,2.75,FALSE
2020,Feb,9,4.25,FALSE
2020,Feb,10,5.75,FALSE
2020,Feb,11,3.1500000000000004,FALSE
2020,Feb,12,3.25,FALSE
2020,Feb,13,-1.3,FALSE
2020,Feb,14,-2.45,FALSE
2020,Feb,15,3.2,FALSE
2020,Feb,16,7.5,FALSE
2020,Feb,17,5.7,FALSE
2020,Feb,18,5.7,FALSE
2020,Feb,19,2.05,FALSE
2020,Feb,20,0.8,FALSE
2020,Feb,21,5.550000000000001,FALSE
2020,Feb,22,6.1,FALSE
2020,Feb,23,3.85,FALSE
2020,Feb,24,-0.30000000000000004,FALSE
2020,Feb,25,-0.95,FALSE
2020,Feb,26,-1.5,FALSE
2020,Feb,27,-2.3,FALSE
2020,Feb,28,-3.05,FALSE
2020,Feb,29,0.95,FALSE
2020,Dec,1,1.25,FALSE
2020,Dec,2,1.2,FALSE
2020,Dec,3,2.95,FALSE
2020,Dec,4,2.95,FALSE
2020,Dec,5,5.15,FALSE
2020,Dec,6,6.45,FALSE
2020,Dec,7,4.95,FALSE
2020,Dec,8,3.1500000000000004,FALSE
2020,Dec,9,2.8,FALSE
2020,Dec,10,2.4000000000000004,FALSE
2020,Dec,11,1.35,FALSE
2020,Dec,12,4.300000000000001,FALSE
2020,Dec,13,3.2,FALSE
2020,Dec,14,1.05,FALSE
2020,Dec,15,5.55,FALSE
2020,Dec,16,4.449999999999999,FALSE
2020,Dec,17,3.75,FALSE
2020,Dec,18,5,FALSE
2020,Dec,19,5.6,FALSE
2020,Dec,20,5.4,FALSE
2020,Dec,21,5.8,FALSE
2020,Dec,22,4.25,FALSE
2020,Dec,23,3.1,FALSE
2020,Dec,24,-0.14999999999999997,FALSE
2020,Dec,25,-0.6,FALSE
2020,Dec,26,-2.65,FALSE
2020,Dec,27,3.45,FALSE
2020,Dec,28,3.95,FALSE
2020,Dec,29,4.1,FALSE
2020,Dec,30,1.2,FALSE
2020,Dec,31,2.5,FALSE
2021,Jan,1,1.3,FALSE
2021,Jan,2,0.44999999999999996,FALSE
2021,Jan,3,-0.9,FALSE
2021,Jan,4,-0.8,FALSE
2021,Jan,5,-0.95,FALSE
2021,Jan,6,-1.5,FALSE
2021,Jan,7,-0.95,FALSE
2021,Jan,8,-0.3,FALSE
2021,Jan,9,-1.85,FALSE
2021,Jan,10,-1.6500000000000001,FALSE
2021,Jan,11,-0.7,FALSE
2021,Jan,12,-2.3,FALSE
2021,Jan,13,-2.4499999999999997,FALSE
2021,Jan,14,-7.35,FALSE
2021,Jan,15,-11.05,FALSE
2021,Jan,16,-4.45,FALSE
2021,Jan,17,-2.4000000000000004,FALSE
2021,Jan,18,-1.25,FALSE
2021,Jan,19,-1.5,FALSE
2021,Jan,20,0.75,FALSE
2021,Jan,21,2.95,FALSE
2021,Jan,22,2.25,FALSE
2021,Jan,23,2.6500000000000004,FALSE
2021,Jan,24,-1.75,FALSE
2021,Jan,25,-1.5,FALSE
2021,Jan,26,-4.550000000000001,FALSE
2021,Jan,27,-8.95,FALSE
2021,Jan,28,-4.65,FALSE
2021,Jan,29,-7.4,FALSE
2021,Jan,30,-11.85,FALSE
2021,Jan,31,-11.65,FALSE
2021,Feb,1,-10.1,FALSE
2021,Feb,2,-5.55,FALSE
2021,Feb,3,-9.3,FALSE
2021,Feb,4,-12.7,FALSE
2021,Feb,5,-9.2,FALSE
2021,Feb,6,-7.95,FALSE
2021,Feb,7,-8.649999999999999,FALSE
2021,Feb,8,-8.35,FALSE
2021,Feb,9,-10.3,FALSE
2021,Feb,10,-11.15,FALSE
2021,Feb,11,-11,FALSE
2021,Feb,12,-5,FALSE
2021,Feb,13,-7.6000000000000005,FALSE
2021,Feb,14,-1.7,FALSE
2021,Feb,15,-10.899999999999999,FALSE
2021,Feb,16,-6.6000000000000005,FALSE
2021,Feb,17,-4.65,FALSE
2021,Feb,18,-3.55,FALSE
2021,Feb,19,0.7,FALSE
2021,Feb,20,2.3,FALSE
2021,Feb,21,3,FALSE
2021,Feb,22,2.6,FALSE
2021,Feb,23,1.85,FALSE
2021,Feb,24,5.550000000000001,FALSE
2021,Feb,25,7.050000000000001,FALSE
2021,Feb,26,5.45,FALSE
2021,Feb,27,2.4499999999999997,FALSE
2021,Feb,28,4.5,FALSE
2021,Dec,1,-9.5,FALSE
2021,Dec,2,-6.35,FALSE
2021,Dec,3,-7,FALSE
2021,Dec,4,-8.8,FALSE
2021,Dec,5,-7.25,FALSE
2021,Dec,6,-14.8,FALSE
2021,Dec,7,-15.7,FALSE
2021,Dec,8,-4.65,FALSE
2021,Dec,9,-0.2,FALSE
2021,Dec,10,0.9500000000000001,FALSE
2021,Dec,11,0.30000000000000004,FALSE
2021,Dec,12,-0.4,FALSE
2021,Dec,13,0,FALSE
2021,Dec,14,1.75,FALSE
2021,Dec,15,5.8,FALSE
2021,Dec,16,1.7999999999999998,FALSE
2021,Dec,17,2.55,FALSE
2021,Dec,18,2.8499999999999996,FALSE
2021,Dec,19,3.75,FALSE
2021,Dec,20,-2,FALSE
2021,Dec,21,-9.149999999999999,FALSE
2021,Dec,22,-6.4,FALSE
2021,Dec,23,-3.2,FALSE
2021,Dec,24,-9.5,FALSE
2021,Dec,25,-8.95,FALSE
2021,Dec,26,-7,FALSE
2021,Dec,27,-6.1,FALSE
2021,Dec,28,-2.15,FALSE
2021,Dec,29,-1.1,FALSE
2021,Dec,30,1.7,FALSE
2021,Dec,31,2.25,FALSE
